{
  "epoch": 156,
  "timestamp": "2025-12-26T17:41:32.384455",
  "metrics": {
    "loss": 0.28726503216038063,
    "psnr": 20.102781576218845,
    "ssim": 0.9523988366127014
  }
}